title,company,location,how old,link
Desenvolvedor(a) Python Júnior [REMOTO],Instruct,"São Paulo, SP",há 13 dias,https://br.indeed.com/rc/clk?jk=b1b4d3a7d8cfe72c&fccid=a9f9655d46e772fb&vjs=3
Cientista de Dados (remoto) Python,GeekHunter,Brasil,há 17 dias,https://br.indeed.com/rc/clk?jk=c63a3afb6e630d7f&fccid=9ba8dec3013c0c90&vjs=3
Desenvolvedor RPA JR - Remote,Nestlé,"Ribeirão Preto, SP",há 3 dias,https://br.indeed.com/rc/clk?jk=b15116c9904d8005&fccid=bfdac90a7574b77c&vjs=3
Programador Python,E-Soft Sistemas,Remoto,Há mais de 30 dias,https://br.indeed.com/rc/clk?jk=1dbfc046667dbf0d&fccid=30fd0cfc920496be&vjs=3
Backend Developer (Python),Serasa,"Blumenau, SC",há 2 dias,https://br.indeed.com/rc/clk?jk=f847c78024e7eaed&fccid=75a3a5a15b202084&vjs=3
Python Developer Full Stack (remoto),Resh Cyber Defense,"São José do Rio Preto, SP",há 1 dia,https://br.indeed.com/rc/clk?jk=c27021888279f3d6&fccid=c58c1878d8664704&vjs=3
Bolsista CNPQ,INSTITUTO EUVALDO LODI,Brasil,há 4 dias,https://br.indeed.com/rc/clk?jk=2aee60a6f58f6d44&fccid=1cbca0579d4bc836&vjs=3
Cientista de Dados Python (remoto),GeekHunter,Brasil,há 5 dias,https://br.indeed.com/rc/clk?jk=f6841f552b754ac5&fccid=9ba8dec3013c0c90&vjs=3
Desenvolvimento Chatbot | Trainee/JR,Compasso UOL,Brasil,há 23 dias,https://br.indeed.com/rc/clk?jk=6eab259e8a039e9f&fccid=6621f80bf2653f52&vjs=3
Desenvolvedor(a) Python,COMERCIO E TECNOLOGIA 2U LTDA,Remoto,há 3 dias,https://br.indeed.com/rc/clk?jk=98002bdb6da58234&fccid=dd616958bd9ddc12&vjs=3
Analista de Infraestrutura | Sysops,Compasso UOL,Brasil,há 6 dias,https://br.indeed.com/rc/clk?jk=a1f4fb11b8e85b85&fccid=6621f80bf2653f52&vjs=3
"Software Engineer, Python",Maxihost,"São Paulo, SP",há 3 dias,https://br.indeed.com/company/Maxihost/jobs/Software-Engineer-22126f4300526bc9?fccid=2d8cef8fe91da13b&vjs=3
desenvolvedor Python Junior,Mazzatech,Remoto,Há mais de 30 dias,https://br.indeed.com/rc/clk?jk=cb258052189af34d&fccid=7d320c75db933aec&vjs=3
Desenvolvedor Python - Crawler,Gaivota,"São Paulo, SP",Há mais de 30 dias,https://br.indeed.com/rc/clk?jk=7c7739501cfcd9bc&fccid=4eb39ccae4f25de0&vjs=3
Desenvolvedor(a) Python,ZN Coworking,Remoto,há 13 dias,https://br.indeed.com/rc/clk?jk=21839c4754835df3&fccid=5f5ff53a1518f7f8&vjs=3
Desarrollador Python/Django,Telemetria Aplicada,Exterior,há 7 dias,https://br.indeed.com/rc/clk?jk=41679928f112318f&fccid=71bf5d571d0e3ffe&vjs=3
Programador python,CAVOK AVIAÇÃO,"Pinhais, PR",Há mais de 30 dias,https://br.indeed.com/rc/clk?jk=b240d50c66828c21&fccid=ea666f11ce6a4f11&vjs=3
Data Science Intern (Estágio em ciência de dados),Growth Machine,"Rio de Janeiro, RJ",há 16 dias,https://br.indeed.com/rc/clk?jk=f6b3fb4988244c41&fccid=ea422d42037ad85f&vjs=3
Desenvolvedor (a) Python Full Stack Júnior,AMcom | Make IT real,"São Paulo, SP",há 6 dias,https://br.indeed.com/rc/clk?jk=9b7dcdd8cd815583&fccid=d58c46b75d86250b&vjs=3
ANALISTA DE DESENVOLVIMENTO DE SISTEMAS - PYTHON,KaBuM!,"Limeira, SP",há 3 dias,https://br.indeed.com/rc/clk?jk=6d7886b57ae2cafb&fccid=530a0ea1aedd2128&vjs=3
Estágio em Desenvolvimento Back-end - Python - Curitiba/PR,ROIT,"Curitiba, PR",Há mais de 30 dias,https://br.indeed.com/rc/clk?jk=c78787eb3e7bb27d&fccid=881947d7f3319cbd&vjs=3
Programador(a) Python,Company Hero,Remoto,há 27 dias,https://br.indeed.com/rc/clk?jk=450033a865b13965&fccid=8af1b4d456a97b72&vjs=3
Estágio Middle Office,Statkraft AS,"Rio de Janeiro, RJ",há 2 dias,https://br.indeed.com/rc/clk?jk=9a56f7540933a356&fccid=d92f3e98f44a053e&vjs=3
Developer Python,Ci&T,Brasil,Há mais de 30 dias,https://br.indeed.com/rc/clk?jk=b608bbfaafa10612&fccid=289d7ce11c250f70&vjs=3
ESTÁGIO: DESENVOLVEDOR DE SOFTWARE,Natural English,"Brasília, DF",Há mais de 30 dias,https://br.indeed.com/rc/clk?jk=f4ee1e18f15f2708&fccid=e7ec8e2bc74d6586&vjs=3
Pessoa Cientista de Dados I,Involves,Remoto,há 13 dias,https://br.indeed.com/rc/clk?jk=1ef88d6418dcaf21&fccid=6ed0979ab9cc882a&vjs=3
Desenvolvedor Python NLP Senior,RECRUT.AI,"Recife, PE",há 2 dias,https://br.indeed.com/rc/clk?jk=e26e99b9a5137bec&fccid=dd616958bd9ddc12&vjs=3
Desenvolvedor Python,Leega Consultoria,"São Paulo, SP",há 4 dias,https://br.indeed.com/rc/clk?jk=d9f91bcf0d8bc9cb&fccid=7a66856c5503017e&vjs=3
Desenvolvedor(a) Júnior Full Stack,Melhor Escolha,Remoto,há 3 dias,https://br.indeed.com/rc/clk?jk=72227ebc94774a07&fccid=dd616958bd9ddc12&vjs=3
Desenvolvedor(a) Full Stack Python,Red Pill RH,"São Paulo, SP",há 18 dias,https://br.indeed.com/rc/clk?jk=3509e077688be04f&fccid=3c89af9be02f6666&vjs=3
Desenvolvedor(a) Python Júnior,Solaris Capital,"São Paulo, SP",há 27 dias,https://br.indeed.com/rc/clk?jk=a56fc034151a6fee&fccid=e9aea53f4fe9e043&vjs=3
Desenvolvedor(a) Javascript / Python Pleno,BLB Ventures,"Ribeirão Preto, SP",há 19 dias,https://br.indeed.com/rc/clk?jk=57806628a746fb2a&fccid=5331112db711daed&vjs=3
Carreira Geral em Desenvolvimento de Software,Recrutamento Externo,Remoto,há 5 dias,https://br.indeed.com/rc/clk?jk=3b04882ef82da491&fccid=039df17d98633a49&vjs=3
DevOps Magento,Compasso UOL,Brasil,há 2 dias,https://br.indeed.com/rc/clk?jk=eb2d2d4fcf3f6827&fccid=6621f80bf2653f52&vjs=3
Desenvolvedor(a) Python Júnior,BLB Ventures,"Ribeirão Preto, SP",há 19 dias,https://br.indeed.com/rc/clk?jk=99c111135f896a70&fccid=5331112db711daed&vjs=3
Analista Desenvolvedor Python,Connectcom,"São Paulo, SP",há 3 dias,https://br.indeed.com/rc/clk?jk=c07a4172fbb82379&fccid=336534eeea091ba0&vjs=3
Analista de Sistemas Python,Grupo Nexxees,"Florianópolis, SC",há 2 dias,https://br.indeed.com/rc/clk?jk=a1f0216dca6182ec&fccid=db5f841247aaf759&vjs=3
Python Developer ( Pl./Sr.),DOJO Technology,"Florianópolis, SC",há 2 dias,https://br.indeed.com/rc/clk?jk=e656b2e847f4ca77&fccid=50ff924986e1a2c2&vjs=3
Pessoa Desenvolvedora de Software (Python),Liber Capital,"São Carlos, SP",Há mais de 30 dias,https://br.indeed.com/rc/clk?jk=5043b604c99cdf14&fccid=1a2fb53435c12483&vjs=3
Analista de Monitoramento/Desenvolvimento - Zabbix,Integrarh Consultoria e Gestao de Pessoas LTDA - M...,Remoto,há 13 dias,https://br.indeed.com/rc/clk?jk=fc79b102521037bb&fccid=3c9608a77dd90430&vjs=3
Produto - Pesquisador IA (Bolsista),I.Systems,"Campinas, SP",há 18 dias,https://br.indeed.com/rc/clk?jk=ed7c08a265ac078a&fccid=be331852ad789f59&vjs=3
Analista Programador PYTHON,Unisystem,Brasil,Há mais de 30 dias,https://br.indeed.com/rc/clk?jk=5647255672ba7f25&fccid=089024136e66fafe&vjs=3
Desenvolvedor Python Sr,Elumini Outdoing IT,"Rio de Janeiro, RJ",Há mais de 30 dias,https://br.indeed.com/rc/clk?jk=0743893590f2806e&fccid=2ad0b14f91320c64&vjs=3
Full-stack Python/Django developer [Remote - BR],Jobylon AB,Brasil,Há mais de 30 dias,https://br.indeed.com/rc/clk?jk=2d33c09e2d26ebca&fccid=c244b728966c24b1&vjs=3
Developer Python Senior,Ci&T,"Belo Horizonte, MG",há 4 dias,https://br.indeed.com/rc/clk?jk=57988d24bddfcf10&fccid=289d7ce11c250f70&vjs=3
Developer Python/Angular,Ci&T,Brasil,Há mais de 30 dias,https://br.indeed.com/rc/clk?jk=0841e5168db5eae9&fccid=289d7ce11c250f70&vjs=3
Estágio Desenvolvimento Python - PORTO ALEGRE - 1 VAGA,Não encontrada,"Porto Alegre, RS",Há mais de 30 dias,https://br.indeed.com/rc/clk?jk=105f1d1f672678a4&fccid=dd616958bd9ddc12&vjs=3
Estágio em Procurement,PROGRAMA DE ESTÁGIO MADEIRAMADEIRA,"Curitiba, PR",há 3 dias,https://br.indeed.com/rc/clk?jk=8fea1dba457af816&fccid=dd616958bd9ddc12&vjs=3
BACK-END PYTHON DEVELOPER,Bluestorm Software,"São Luís, SC",Há mais de 30 dias,https://br.indeed.com/rc/clk?jk=c7b6487b63d4d74f&fccid=e231d2c2b5d748f4&vjs=3
Professor(a) de Python,BRUNO FRAGA,"São Paulo, SP",há 12 dias,https://br.indeed.com/rc/clk?jk=476d2a0453764ba6&fccid=fd23b9fae447cfca&vjs=3
Estágio – TI – Porto Alegre – RS - BV,Buscar Vagas,"Porto Alegre, RS",há 5 dias,https://br.indeed.com/rc/clk?jk=243e9d9bd6a612f2&fccid=cd25ed76f1946ad0&vjs=3
Bolsista Programa Inova Talentos,INSTITUTO EUVALDO LODI,Brasil,Há mais de 30 dias,https://br.indeed.com/rc/clk?jk=52c2fb6a91fd0c16&fccid=1cbca0579d4bc836&vjs=3
Computação,Digesto,"São Paulo, SP",há 15 dias,https://br.indeed.com/rc/clk?jk=56bd1e153f80bdba&fccid=a9d18ed384b6afd9&vjs=3
Desenvolvimento de Software - Estágio,KRYPTUS,"Campinas, SP",há 3 dias,https://br.indeed.com/rc/clk?jk=d685f16bcf37bda2&fccid=55d431a88bf4eb2b&vjs=3
DESENVOLVEDOR PYTHON/FULL STACK,Eldorado,"Campinas, SP",Há mais de 30 dias,https://br.indeed.com/rc/clk?jk=432149dcc9398093&fccid=70cf64a0b596b733&vjs=3
Senior Python Back End Engineer (Remote-LATAM),Loadsmart,"Rio de Janeiro, RJ",Há mais de 30 dias,https://br.indeed.com/rc/clk?jk=dfab101c198fe7b7&fccid=bf02915605893e1a&vjs=3
Desenvolvedor Back-end Python,Bravi,"São Paulo, SP",Há mais de 30 dias,https://br.indeed.com/rc/clk?jk=9403cc57a18a86e7&fccid=ea733cebd32530ea&vjs=3
Desenvolvedor(a) Back-end Python júnior,GeekHunter,"São Paulo, SP",Há mais de 30 dias,https://br.indeed.com/rc/clk?jk=6f96bd5bf8f5038d&fccid=9ba8dec3013c0c90&vjs=3
DevOps Python Developer PL/SR,Share RH,"Campinas, SP",Há mais de 30 dias,https://br.indeed.com/rc/clk?jk=d42e7b05eaeacde3&fccid=a348a1a87f84f063&vjs=3
Programador(a) Python,Kognita Lab,Remoto,há 11 dias,https://br.indeed.com/rc/clk?jk=64f439f63486103e&fccid=114efd88673ee90c&vjs=3
Desenvolvedor Python (Brasil/Remoto),Programmer’s,"São Paulo, SP",há 13 dias,https://br.indeed.com/rc/clk?jk=1df7c09ea101dfc7&fccid=9f4ff127c6c1cfb0&vjs=3
Engenheiro(a) de Dados Python (Remoto),GeekHunter,"Brasília, DF",há 10 dias,https://br.indeed.com/rc/clk?jk=e556963072f809f7&fccid=9ba8dec3013c0c90&vjs=3
Backend Developer (Python/Arquiteto),Serasa,"Blumenau, SC",Há mais de 30 dias,https://br.indeed.com/rc/clk?jk=f171014ee843f665&fccid=75a3a5a15b202084&vjs=3
Estágio,PagSeguro PagBank,"São Paulo, SP",há 23 dias,https://br.indeed.com/rc/clk?jk=59c5d77811bc1e89&fccid=44e1ff5923cfbeec&vjs=3
Estagiário de Sistemas TI,Wilson Sons,"Rio de Janeiro, RJ",Há mais de 30 dias,https://br.indeed.com/rc/clk?jk=e9f9d424c23b9667&fccid=937439d7959e38ef&vjs=3
CDAO - GCS Business Intelligence Developer,General Motors,"São Paulo, SP",há 4 dias,https://br.indeed.com/rc/clk?jk=5c3982f59d819ea3&fccid=116680a29a847a70&vjs=3
Estágio – TI – Trabalho Remoto – RS - DV,Divulga Vagas,"Porto Alegre, RS",há 1 dia,https://br.indeed.com/rc/clk?jk=47c7831b231f8083&fccid=1abbffd7f44ec1e9&vjs=3
DESENVOLVEDOR FULL STACK / PYTHON,Kumulus Cloud e Data,"Campinas, SP",há 16 dias,https://br.indeed.com/rc/clk?jk=76565b559d4a29a9&fccid=76ecbc8b9a3a49ff&vjs=3
Python Developer,Globant,"São Paulo, SP",Há mais de 30 dias,https://br.indeed.com/rc/clk?jk=f753a32f65aefd7f&fccid=34ea81fd9e91a411&vjs=3
Desenvolvedor(a) Python,Metal Toad,Remoto,há 5 dias,https://br.indeed.com/rc/clk?jk=52e6a89717eaa5f0&fccid=433d4760cb006f13&vjs=3
ENGENHEIRO TECNOLOGIA INFORMAÇÃO PL (14794),Bosch Group,"Campinas, SP",há 2 dias,https://br.indeed.com/rc/clk?jk=78d0f250dabc311f&fccid=a2faf1301ac6ad4b&vjs=3
[Culture] Python Backend Developer,ília,"São Paulo, SP",Há mais de 30 dias,https://br.indeed.com/rc/clk?jk=3eeac35be5dafc04&fccid=b27d2e8ddef5c8b0&vjs=3
Cientista de Dados pleno (remoto) Python,GeekHunter,Brasil,Há mais de 30 dias,https://br.indeed.com/rc/clk?jk=a5f7b363c4c4a2e3&fccid=9ba8dec3013c0c90&vjs=3
Desenvolvedor(a) / Engenheiro Full Stack Júnior,RIO analytics,Remoto,há 20 dias,https://br.indeed.com/rc/clk?jk=4fb609a9a79bc538&fccid=e1dac2dbe5ff7f45&vjs=3
Desenvolvedor Python – Rio De Janeiro – RJ - BV,Buscar Vagas,"Rio de Janeiro, RJ",há 5 dias,https://br.indeed.com/rc/clk?jk=8dd0e26189130c9a&fccid=cd25ed76f1946ad0&vjs=3
Desenvolvedor Back End (python),Robert Half,"São Paulo, SP",há 3 dias,https://br.indeed.com/rc/clk?jk=ef6013631117594f&fccid=bc2f0862932e35da&vjs=3
Estágio em Finanças,Programa de Estágio Track & Field,"São Paulo, SP",há 23 dias,https://br.indeed.com/rc/clk?jk=c0619f3cab26b3c3&fccid=7e7b632019a7afa9&vjs=3
"Physicist Intern, Physical Modeling",Facebook,"Brasília, DF",há 15 dias,https://br.indeed.com/rc/clk?jk=4811cf0f97e20659&fccid=1639254ea84748b5&vjs=3
Estágio - Meio Ambiente,Worley,"São Paulo, SP",há 4 dias,https://br.indeed.com/rc/clk?jk=4dc7933d422028c1&fccid=d9805af20a6c196e&vjs=3
Estagiário Mesa Institucional,Órama,"Rio de Janeiro, RJ",há 17 dias,https://br.indeed.com/rc/clk?jk=38b5588f94a5de44&fccid=704967faf7b662a6&vjs=3
Especialista de Telecom,C&A,"Barueri, SP",há 4 dias,https://br.indeed.com/rc/clk?jk=b4ca3d0e32e50c42&fccid=a4cd2f6890a2a328&vjs=3
Desenvolvedor Data Intelligence (Porto Alegre - RS),Adtail,"Porto Alegre, RS",há 4 dias,https://br.indeed.com/rc/clk?jk=e19d198fcd7c00d9&fccid=13c32ba62f451e56&vjs=3
Especialista,ValorH Consultoria e Treinamento,"Salvador, BA",há 21 dias,https://br.indeed.com/rc/clk?jk=febcdce10eb5b576&fccid=1d706c68ba462e6a&vjs=3
Desenvolvedor(a) Back-end Python pleno,GeekHunter,"São Paulo, SP",há 4 dias,https://br.indeed.com/rc/clk?jk=d35a2a56b37375a8&fccid=9ba8dec3013c0c90&vjs=3
Gerente de Tesouraria - Administração e Finanças,Mercado Libre,Brasil,há 11 dias,https://br.indeed.com/rc/clk?jk=f86598abb9bcc61f&fccid=66d6f31a737805b6&vjs=3
Estágio em testes de Software,Instituto de Pesquisas Eldorado,"Campinas, SP",há 13 dias,https://br.indeed.com/rc/clk?jk=d87cfd152c8e0305&fccid=97ac87bbe35a26cc&vjs=3
Bench marking Professional-,BT,"São Paulo, SP",há 4 dias,https://br.indeed.com/rc/clk?jk=18ea728f3d843d1f&fccid=72713e5b1ba0ef22&vjs=3
Analista de Negócios Pleno,iFood,"Osasco, SP",há 4 dias,https://br.indeed.com/rc/clk?jk=617024b295a87417&fccid=af54f068c8185195&vjs=3
Mongo DBA,Elumini Outdoing IT,Remoto,há 11 dias,https://br.indeed.com/rc/clk?jk=ab275683b32daad1&fccid=2ad0b14f91320c64&vjs=3
[ROCKY] Estágio - TI,ROCKY Full Digital Performance,"Sorocaba, SP",Há mais de 30 dias,https://br.indeed.com/rc/clk?jk=ffefadc01f4d2c8a&fccid=d77760f72a355bbb&vjs=3
Data Scientist,iFood,"Osasco, SP",há 3 dias,https://br.indeed.com/rc/clk?jk=7fdd3530afebb3e1&fccid=af54f068c8185195&vjs=3
Data Engineer Assistant,Cadastra,"Porto Alegre, RS",há 9 dias,https://br.indeed.com/rc/clk?jk=684e6dde48bc9fd6&fccid=599957f551c7eff1&vjs=3
Dev Python Pleno,ClickSign,"São Paulo, SP",há 13 dias,https://br.indeed.com/rc/clk?jk=af1b1c3307e138fe&fccid=2a7d6202d5658abc&vjs=3
Data Scientist,Ci&T,Brasil,há 4 dias,https://br.indeed.com/rc/clk?jk=abb3dc36ff623577&fccid=289d7ce11c250f70&vjs=3
Desenvolvedor(a) Python/ Automação Júnior/Pleno,ONOVOLAB TALENTS,"São Carlos, SP",Há mais de 30 dias,https://br.indeed.com/rc/clk?jk=0853ff9571526a1e&fccid=7abfc9653f7ef32d&vjs=3
Operations Specialist - 99Food - D6/D7,99,Brasil,Há mais de 30 dias,https://br.indeed.com/rc/clk?jk=01a9e03d5e02331e&fccid=7c874ded2b2c6886&vjs=3
Senior Python Engineer - International Project,Kobe - Creative Software House,"Porto Alegre, RS",há 13 dias,https://br.indeed.com/rc/clk?jk=e2760d407b8a51c8&fccid=e24edbebe3d28e99&vjs=3
Machine Learning Engineer,Hagloo,Remoto,Há mais de 30 dias,https://br.indeed.com/rc/clk?jk=b38a07f868c6b9fc&fccid=2f967bb1c5335960&vjs=3
Analista de Monitoramento,Landis+Gyr,"Duque de Caxias, RJ",há 5 dias,https://br.indeed.com/rc/clk?jk=12e4bf3c756487f7&fccid=a25bfd95fd20e99a&vjs=3
Desenvolvedor Python Back-End,Gateware IT,"Campinas, SP",Há mais de 30 dias,https://br.indeed.com/rc/clk?jk=f2970d91fdadeb34&fccid=a562518da27c66ae&vjs=3
Estágio - Desenvolvedor RPA - T2C Consultoria Especializada em Robotização (RPA),BURH,"Sorocaba, SP",há 5 dias,https://br.indeed.com/rc/clk?jk=941de58db3d9aa62&fccid=dd616958bd9ddc12&vjs=3
Analista de Dados,CWI Software,Remoto,Há mais de 30 dias,https://br.indeed.com/rc/clk?jk=bca818a3a5eb4d84&fccid=a64651178efd73c0&vjs=3
Coordenador(a) de Automação,Cielo,"Barueri, SP",há 4 dias,https://br.indeed.com/rc/clk?jk=3f2408091e89a5ab&fccid=914d1e1f722393dc&vjs=3
IT Coordinator,Serasa,"Blumenau, SC",Há mais de 30 dias,https://br.indeed.com/rc/clk?jk=e40e90e657567e74&fccid=75a3a5a15b202084&vjs=3
Desenvolvedor Backend Jr,Topaz,"Indaiatuba, SP",há 6 dias,https://br.indeed.com/rc/clk?jk=770f7a090656bf83&fccid=f5c3b5cbde98c19c&vjs=3
Assistente de Desenvolvimento de Sistemas,OEmprego,"Sapucaia do Sul, RS",há 11 dias,https://br.indeed.com/rc/clk?jk=2965373a2a14ab97&fccid=919b31f0a22ef58e&vjs=3
Programador Python (m/f),Elevus,Brasil,Há mais de 30 dias,https://br.indeed.com/rc/clk?jk=ad580e5e2028275b&fccid=8a4931b737884b7f&vjs=3
CIENTISTA DE DADOS - 14587,Bosch Group,"Campinas, SP",há 2 dias,https://br.indeed.com/rc/clk?jk=5be0c503302f1f0c&fccid=a2faf1301ac6ad4b&vjs=3
Analista de Sistemas Sênior - Python,BDR Talentos Corporativos,"São José, SC",há 16 dias,https://br.indeed.com/rc/clk?jk=5cfc1f66b8336d86&fccid=09380d595581f729&vjs=3
Estagiário de Inovação e Indústria 4.0,Wabtec,"Contagem, MG",há 6 dias,https://br.indeed.com/rc/clk?jk=65b360ffabd4586c&fccid=4f4e9de46f588f62&vjs=3
(ESTÁGIO) DESENVOLVEDOR WEB / JAVASCRIPT - CÓD - 70387 - OEmprego,OEmprego,"Porto Alegre, RS",Há mais de 30 dias,https://br.indeed.com/rc/clk?jk=0462ba8b72a23f6b&fccid=919b31f0a22ef58e&vjs=3
Project Engineer - Rio,DALET,"Rio de Janeiro, RJ",há 20 dias,https://br.indeed.com/rc/clk?jk=33b4b51244e288a0&fccid=9d55e46619e9b228&vjs=3
Technical Support - Estágio - BV,Buscar Vagas,"São Paulo, SP",há 1 dia,https://br.indeed.com/rc/clk?jk=4780c07eba8c9428&fccid=cd25ed76f1946ad0&vjs=3
Analista de BI (Full Stack),Involves,Remoto,há 3 dias,https://br.indeed.com/rc/clk?jk=bcf30531090bc1a9&fccid=6ed0979ab9cc882a&vjs=3
Desenvolvedor(a) Python,Athon Energia,"São Paulo, SP",Há mais de 30 dias,https://br.indeed.com/rc/clk?jk=6ec3ef2f4da48acd&fccid=950b01f4044c27c7&vjs=3
Desenvolvedor Python Machine Learning Sênior,TAKING,"Curitiba, PR",Há mais de 30 dias,https://br.indeed.com/rc/clk?jk=e126ddb5b99aa719&fccid=54d424b6e8c4e1e7&vjs=3
ANALISTA DE ESTRATÉGIA DE CRÉDITO JÚNIOR (PÚBLICO PJ),Agibank,"Porto Alegre, RS",há 4 dias,https://br.indeed.com/rc/clk?jk=cfb43be777cbc182&fccid=5bfedbcf67a5d2dd&vjs=3
Business Data Analyst,Remessa Online powered by Beetech,Remoto,Há mais de 30 dias,https://br.indeed.com/rc/clk?jk=9a95b5dc3dd90f88&fccid=53ad19fc9a48d5c1&vjs=3
"Customer Operations, Support Specialist",Pinterest,"São Paulo, SP",há 6 dias,https://br.indeed.com/rc/clk?jk=10167d0a03291348&fccid=43014b1412e0a7b6&vjs=3
Data Scientist Junior,dunnhumby,"São Paulo, SP",há 6 dias,https://br.indeed.com/rc/clk?jk=7c778ef1b847289d&fccid=36801496409e6dc9&vjs=3
Desenvolvedor Python/Django (Jr/Pl),Berghem,"São Paulo, SP",Há mais de 30 dias,https://br.indeed.com/rc/clk?jk=e1ec2f14c285e7aa&fccid=e0d9bb13e6fbeb8b&vjs=3
ESTAGIÁRIO EM ANÁLISE DE DADOS - OURINHOS,Webby Internet,"Ourinhos, SP",Há mais de 30 dias,https://br.indeed.com/rc/clk?jk=511c415e42e4804c&fccid=2ffd9bae80ea337f&vjs=3
Desenvolveder Python Junior/Pleno,Zallpy Digital,"Florianópolis, SC",Há mais de 30 dias,https://br.indeed.com/rc/clk?jk=33b6ba783298e586&fccid=2ac78f54db705d75&vjs=3
Head of Data,Gamers Club,"Sorocaba, SP",Há mais de 30 dias,https://br.indeed.com/rc/clk?jk=a55a6b0f087f1a61&fccid=0cf3d43d514a72b4&vjs=3
Head of Operations - Brazil,Revolut,"São Paulo, SP",Há mais de 30 dias,https://br.indeed.com/rc/clk?jk=5a452bb677f152cf&fccid=1c00ce6833fa8f3d&vjs=3
Gerente de Contas Júnior,Zoop,"Rio de Janeiro, RJ",há 26 dias,https://br.indeed.com/rc/clk?jk=f86f0f9690bb51ae&fccid=17db650bc29ccff0&vjs=3
"Security Analyst Intern, Online Safety - Child Safety",Facebook,"Brasília, DF",há 15 dias,https://br.indeed.com/rc/clk?jk=167c1059cbdfb7f0&fccid=1639254ea84748b5&vjs=3
Data Scientist,Hagloo,Remoto,Há mais de 30 dias,https://br.indeed.com/rc/clk?jk=8c49bdcc38263d2c&fccid=2f967bb1c5335960&vjs=3
Pessoa Desenvolvedora Jr. (Vaga Remota),Carreiras Méliuz,"Belo Horizonte, MG",Há mais de 30 dias,https://br.indeed.com/rc/clk?jk=995c43ba8428c254&fccid=0c9a6edb9db7bea6&vjs=3
Desenvolvedor(a) Python Pleno - Analista de Software,DS,Remoto,há 24 dias,https://br.indeed.com/rc/clk?jk=2a5e648b31c24580&fccid=bdfdfda3f1129075&vjs=3
Site Reliability Engineer (PL),Zenvia Mobile,Brasil,há 6 dias,https://br.indeed.com/rc/clk?jk=e472812c0a475b94&fccid=715a132a3d100cc5&vjs=3
Analista de Automação de Testes - Júnior,Prime Control,"Barueri, SP",há 4 dias,https://br.indeed.com/rc/clk?jk=97f8c2967247f20e&fccid=26dabeb3b5e63829&vjs=3
Analista de Suporte Telecom Jr,C&A,"Barueri, SP",há 4 dias,https://br.indeed.com/rc/clk?jk=014a588eafc52a90&fccid=a4cd2f6890a2a328&vjs=3
Desenvolvedor Python Sênior,Luizalabs,"São Paulo, SP",há 16 dias,https://br.indeed.com/rc/clk?jk=1cc5379456147679&fccid=5d64e462228ff346&vjs=3
Desenvolvedor Python,Grupo Mult,"Curitiba, PR",Há mais de 30 dias,https://br.indeed.com/rc/clk?jk=8dff6680697e90fc&fccid=e2fac9bfc0cf550e&vjs=3
ESTÁGIO,GRUPO MALWEE,"São Paulo, SP",há 12 dias,https://br.indeed.com/rc/clk?jk=aa81d706b15ccc7e&fccid=984d94820cead910&vjs=3
Programador Back-end Python Junior,Harpio,"São Paulo, SP",Há mais de 30 dias,https://br.indeed.com/rc/clk?jk=ab7e600ac023f50e&fccid=22bb6d797b26b24a&vjs=3
ESTÁGIO EM TESTES DE SOFTWARE,Eldorado,"Campinas, SP",Há mais de 30 dias,https://br.indeed.com/rc/clk?jk=cf0546d8acbaf98f&fccid=70cf64a0b596b733&vjs=3
Estagiário(a) Python,BLB Ventures,"Ribeirão Preto, SP",há 19 dias,https://br.indeed.com/rc/clk?jk=fd9aefa845f08b4b&fccid=5331112db711daed&vjs=3
Desenvolvedor Junior e Pleno,Connectcom,"São Paulo, SP",há 23 dias,https://br.indeed.com/rc/clk?jk=56620ca88e8862e2&fccid=336534eeea091ba0&vjs=3
ESTAGIÁRIO INTELIGENCIA DE DADOS,SPC Brasil,"São Paulo, SP",há 3 dias,https://br.indeed.com/rc/clk?jk=0298723738fa87a5&fccid=d829f1c4affe200a&vjs=3
Analista de Monitoramento,Landis Gyr,"Duque de Caxias, RJ",há 5 dias,https://br.indeed.com/rc/clk?jk=8244d1cffd04bd88&fccid=4d7f4e413bcbbe03&vjs=3
Analista de Validação,MSX Matriz,"Hortolândia, SP",há 12 dias,https://br.indeed.com/rc/clk?jk=bfe207212d92b635&fccid=2a21e5c07f94a542&vjs=3
Desenvolvedor(a) Backend Pleno Python - Fintask,Finxi,Remoto,há 23 dias,https://br.indeed.com/rc/clk?jk=e6eede25f86d1e53&fccid=bb07de7870df3174&vjs=3
Geoprocessing Analyst (Entry Level),ERM Group,"São Paulo, SP",Há mais de 30 dias,https://br.indeed.com/rc/clk?jk=f9b4a119f4789f24&fccid=3f0d5695925aa6ba&vjs=3
Desenvolvedor(a) Back End Python Pleno,ONOVOLAB TALENTS,"São Carlos, SP",Há mais de 30 dias,https://br.indeed.com/rc/clk?jk=6f5e181ba4163b6b&fccid=7abfc9653f7ef32d&vjs=3
Operations Manager,99,Brasil,há 4 dias,https://br.indeed.com/rc/clk?jk=8697697e49235b70&fccid=7c874ded2b2c6886&vjs=3
Business Analyst,iFood,"Osasco, SP",há 3 dias,https://br.indeed.com/rc/clk?jk=b6565bcfc91e8e75&fccid=af54f068c8185195&vjs=3
Professor(a) de Programação,Cel.Lep,"São Paulo, SP",há 5 dias,https://br.indeed.com/rc/clk?jk=dc48cb399ac54e3a&fccid=87690bd81f385113&vjs=3
Full Stack Engineer (Remote-LATAM),Loadsmart,"Recife, PE",há 24 dias,https://br.indeed.com/rc/clk?jk=4c291e6843c48587&fccid=bf02915605893e1a&vjs=3
Desenvolvedor(a) Javascript/Python Sênior,Veroo Cafés,"Ribeirão Preto, SP",há 5 dias,https://br.indeed.com/rc/clk?jk=acc99339ef52f52b&fccid=b2adaceecb396b50&vjs=3
Estágio - Sistemas De Informação - BV,Buscar Vagas,"Goiânia, GO",há 11 dias,https://br.indeed.com/rc/clk?jk=d413dbe17c5f1a46&fccid=cd25ed76f1946ad0&vjs=3
Estágio em Business Intelligence,Mobiliza,"Florianópolis, SC",há 13 dias,https://br.indeed.com/rc/clk?jk=238e9f0b29c79bfb&fccid=91a26ca56a8f8a03&vjs=3
Estágio – Tecnologia – Porto Alegre – RS - DV,Divulga Vagas,"Porto Alegre, RS",há 8 dias,https://br.indeed.com/rc/clk?jk=8081ca909690a635&fccid=1abbffd7f44ec1e9&vjs=3
Estagiári@ TI,Softex,"Brasília, DF",há 4 dias,https://br.indeed.com/rc/clk?jk=464ff0ac5a8f024c&fccid=48bcff7c343508c2&vjs=3
Desenvolvedor de Sistemas Python,Grupo Nexxees,"Florianópolis, SC",há 12 dias,https://br.indeed.com/rc/clk?jk=098bfd37efd6ece0&fccid=db5f841247aaf759&vjs=3
PagoNxt Getnet - Especialista de DevSecOps/Cyber Security,Getnet - PMS (PagoNxt Merchant Solutions),Brasil,há 19 dias,https://br.indeed.com/rc/clk?jk=362c9e9bf70a7f5d&fccid=f1e8bf64aa2a4fa2&vjs=3
Senior Developer - Support Team,e-Core,Remoto,há 5 dias,https://br.indeed.com/rc/clk?jk=6c04635aa10fa45d&fccid=6f633518ec1f6fed&vjs=3
Desenvolvedor Backend – Python – Porto Alegre – RS - BV,Buscar Vagas,"Porto Alegre, RS",há 3 dias,https://br.indeed.com/rc/clk?jk=a142db1b616d760d&fccid=cd25ed76f1946ad0&vjs=3
Backend Engineer,Neo Negócios & Carreira,"São Paulo, SP",há 1 dia,https://br.indeed.com/rc/clk?jk=4b22495d4aaaf774&fccid=4a32f1cdbe139336&vjs=3
SRE SR,Zoop,"Rio de Janeiro, RJ",há 2 dias,https://br.indeed.com/rc/clk?jk=4a0c221af686dcd1&fccid=17db650bc29ccff0&vjs=3
DATA ANALYST (ESTÁGIO),Bemol Digital,"Manaus, AM",Há mais de 30 dias,https://br.indeed.com/rc/clk?jk=b57c07ec4ac47c6a&fccid=4e50a5299dcb0b8e&vjs=3
Desenvolvedor NodeJs/Python,CPQI,"São Paulo, SP",Há mais de 30 dias,https://br.indeed.com/rc/clk?jk=26be760ed7243d82&fccid=128762ebf7553224&vjs=3
ANALISTA PROJETOS JR,Platos,"São Paulo, SP",Há mais de 30 dias,https://br.indeed.com/rc/clk?jk=1913913fce2d279c&fccid=d04f061ed9cb18fe&vjs=3
Desenvolvedor Júnior – Porto Alegre – RS - BV,Buscar Vagas,"Porto Alegre, RS",há 3 dias,https://br.indeed.com/rc/clk?jk=fc8041328a3cf6c4&fccid=cd25ed76f1946ad0&vjs=3
Desenvolvedor(a) Python Pleno (+ DevOps),Cleartech,"Barueri, SP",há 20 dias,https://br.indeed.com/rc/clk?jk=de9697f03edb6b02&fccid=79101bffaa7d5489&vjs=3
Engenheiro(a) de Dados Python pleno (remoto),GeekHunter,Brasil,Há mais de 30 dias,https://br.indeed.com/rc/clk?jk=932c106837c196e4&fccid=9ba8dec3013c0c90&vjs=3
Desenvolvedor(a) Back-End,KASCO P&D Tecnologia,"Campinas, SP",há 27 dias,https://br.indeed.com/rc/clk?jk=db6a5b5444d34db0&fccid=5745e83bf3dddd53&vjs=3
Estágio em Data Science,Neos Desenvolvimento,"São João del Rei, MG",Há mais de 30 dias,https://br.indeed.com/rc/clk?jk=a2a055c81f8bcc99&fccid=7e16b22ef04ecb00&vjs=3
Estágio (Inovação e Analytics),Neogrid,"Porto Alegre, RS",há 13 dias,https://br.indeed.com/rc/clk?jk=e3487847180f204e&fccid=771624222504293c&vjs=3
GDP-1176 - Linguista Computacional Pleno (Remoto),Instituto Atlântico,"Fortaleza, CE",há 13 dias,https://br.indeed.com/rc/clk?jk=b88b8a026dee9ea8&fccid=e943863d58edb276&vjs=3
Cientista de Dados Python Pleno (Remoto),GeekHunter,Brasil,há 17 dias,https://br.indeed.com/rc/clk?jk=53da24150dcf9b59&fccid=9ba8dec3013c0c90&vjs=3
Analista de Sistemas ETL - Pleno,Nova Tendência Informática Ltda,"São Paulo, SP",há 3 dias,https://br.indeed.com/rc/clk?jk=e5a0ebf3fd9a747d&fccid=2a33a14bb9093ee0&vjs=3
Analista de Segurança de Informação,Ci&T,Brasil,há 25 dias,https://br.indeed.com/rc/clk?jk=57fb9d6a04d09ced&fccid=289d7ce11c250f70&vjs=3
ESTÁGIO EM PROJETOS ELÉTRICOS E MECÂNICOS (13266),Bosch Group,"Pomerode, SC",Há mais de 30 dias,https://br.indeed.com/rc/clk?jk=33f448bdeb79d4c5&fccid=a2faf1301ac6ad4b&vjs=3
Operations Manager - Brazil,Revolut,"São Paulo, SP",há 16 dias,https://br.indeed.com/rc/clk?jk=0f4bbff66cdfa130&fccid=1c00ce6833fa8f3d&vjs=3
ESTAGIÁRIO – Smart and Digital,Buckman,"Sumaré, SP",há 9 dias,https://br.indeed.com/rc/clk?jk=663d66fdf88e29de&fccid=cc8e6e4f1597a7a8&vjs=3
Information Security Intern,Samsung Electronics,"Campinas, SP",Há mais de 30 dias,https://br.indeed.com/rc/clk?jk=4247d93ea2b4d6ed&fccid=da3c7fed78dd1607&vjs=3
Engenheira de Software,Loggi,"São Paulo, SP",Há mais de 30 dias,https://br.indeed.com/rc/clk?jk=be89e5c97c9667b9&fccid=beae102407e0c245&vjs=3
Analista de Operações júnior II,Mobicare,Brasil,Há mais de 30 dias,https://br.indeed.com/rc/clk?jk=21b20405e95d0344&fccid=f77ebbdbdee1ef5e&vjs=3
Desenvolvedor Python,Órama,"Rio de Janeiro, RJ",Há mais de 30 dias,https://br.indeed.com/rc/clk?jk=8bbf64ceab6a5eea&fccid=704967faf7b662a6&vjs=3
Pessoa Analista de Dados (Sales Operations),Involves,Remoto,há 13 dias,https://br.indeed.com/rc/clk?jk=bd0d2fc72f28bb4f&fccid=6ed0979ab9cc882a&vjs=3
Desenvolvedor – área de monitoramento,Dígitro,"Florianópolis, SC",Há mais de 30 dias,https://br.indeed.com/rc/clk?jk=5c68076c172f779d&fccid=74915234278a41ef&vjs=3
Especialista de Crédito (Portfólio) | REALIZE,REALIZE CFI,"Porto Alegre, RS",há 26 dias,https://br.indeed.com/rc/clk?jk=e0e2f8df258f4906&fccid=e4bcb81ca9203d45&vjs=3
Desenvolvedor Python,Não encontrada,"Sorocaba, SP",Há mais de 30 dias,https://br.indeed.com/rc/clk?jk=0156c4aa9bf0a7cb&fccid=dd616958bd9ddc12&vjs=3
Programador Trainee,Globalweb,"Rio de Janeiro, RJ",há 3 dias,https://br.indeed.com/rc/clk?jk=a9eae07aac30db33&fccid=229f1a28896023e8&vjs=3
Pipeline - Operations Analyst - 99 Food,99,Brasil,Há mais de 30 dias,https://br.indeed.com/rc/clk?jk=cfd8d423528d1e81&fccid=7c874ded2b2c6886&vjs=3
Data Center Network Engineer,Promon Logicalis,Brasil,Há mais de 30 dias,https://br.indeed.com/rc/clk?jk=d978bd8ed69f74e2&fccid=0ca596ca3fb8305d&vjs=3
Desenvolvedor Python Senior - Remoto,SingularityNET,Remoto,há 9 dias,https://br.indeed.com/rc/clk?jk=ef5dab707f9c50ce&fccid=392f4472be806d17&vjs=3
Desenvolvedor Python Senior,#SEJASMARTBANKER,"São Paulo, SP",há 26 dias,https://br.indeed.com/rc/clk?jk=02d22f534f6df943&fccid=27521b4257e16ea4&vjs=3
Desenvolvedor Python Sênior,Precifica,"São Paulo, SP",Há mais de 30 dias,https://br.indeed.com/rc/clk?jk=8468da2d09cd517e&fccid=29c323c3fb1c0fcb&vjs=3
Desenvolvedor(a) Júnior Full Stack,Quero Workar,Brasil,há 2 dias,https://br.indeed.com/rc/clk?jk=55697bc67a1a3e9e&fccid=c83fe30667c281d3&vjs=3
Desenvolvedor Python Pleno/Sênior,Consolide Registro de Marcas,"Araranguá, SC",Há mais de 30 dias,https://br.indeed.com/rc/clk?jk=fd0c38ef0aec7652&fccid=f5c5fafd86f21641&vjs=3
Desenvolvedor(a) RPA,SOW Consultoria,Remoto,há 4 dias,https://br.indeed.com/rc/clk?jk=98235d84369d2762&fccid=92c6082d5970682e&vjs=3
Cientista de dados | Presencial,Ambev Tech,"São Paulo, SP",há 3 dias,https://br.indeed.com/rc/clk?jk=d909e1facf1fc545&fccid=659e51f3cf9c394c&vjs=3
Researcher Machine Learning SR - (Campinas e Recife),SiDi,"Recife, PE",Há mais de 30 dias,https://br.indeed.com/rc/clk?jk=47b9277c353018de&fccid=d944f1c7c41daa58&vjs=3
"Data Analyst Intern, Brazil",Criteo,"São Paulo, SP",há 5 dias,https://br.indeed.com/rc/clk?jk=7008cac6d728861d&fccid=d3ee4a7355a0fb60&vjs=3
Cientista de Dados,Comunidade Cognitivo.ai,"São Paulo, SP",Há mais de 30 dias,https://br.indeed.com/rc/clk?jk=39c063bb94ee6fd5&fccid=3869f0773bcb2bd3&vjs=3
Estagiário de FP&A,will bank,"São Paulo, SP",há 6 dias,https://br.indeed.com/rc/clk?jk=4633405e16038864&fccid=6f87f0f19f9e71be&vjs=3
DEV ESTÁGIO,4all,"Porto Alegre, RS",Há mais de 30 dias,https://br.indeed.com/rc/clk?jk=f845d62addd7ac89&fccid=a6f8078734ce45d5&vjs=3
Pessoa Desenvolvedora Backend PLENO (python / django) - Remoto,Cherry IT,Remoto,Há mais de 30 dias,https://br.indeed.com/rc/clk?jk=72aa11a751eac12d&fccid=925782ed920dd816&vjs=3
Cientista de Dados para People Analytics,Keyrus Brazil,"Rio de Janeiro, RJ",Há mais de 30 dias,https://br.indeed.com/rc/clk?jk=6c45027fbd26e0f3&fccid=59d45a7a1694e6f1&vjs=3
Business Data Analyst,iFood,"Osasco, SP",há 3 dias,https://br.indeed.com/rc/clk?jk=9836cfecd23f1453&fccid=af54f068c8185195&vjs=3
ESTÁGIO EM CIÊNCIA DE DADOS/MACHINE LEARNING,Eldorado,"Campinas, SP",há 6 dias,https://br.indeed.com/rc/clk?jk=134cdf2eb532fc48&fccid=70cf64a0b596b733&vjs=3
Desenvolvedor Python - Bari Service,Banco Bari e Grupo,"Curitiba, PR",Há mais de 30 dias,https://br.indeed.com/rc/clk?jk=5ef93c66d79b5874&fccid=2022686fd8d4e41c&vjs=3
Engenheiro(a) de Dados Python,GeekHunter,"São Paulo, SP",Há mais de 30 dias,https://br.indeed.com/rc/clk?jk=f85f045d415c9023&fccid=9ba8dec3013c0c90&vjs=3
Incident Response | Infosec,Dock - Banking as a Service,"Barueri, SP",há 10 dias,https://br.indeed.com/rc/clk?jk=ef908bf83cc34ef2&fccid=ab977253e7ff24c0&vjs=3
Desenvolvedor(a) Automação de Robótica PL,Divulgações,"Campinas, SP",há 6 dias,https://br.indeed.com/rc/clk?jk=1ef9cd6d0fde8485&fccid=dd616958bd9ddc12&vjs=3
Cientista de Dados (João Pessoa),Indra,"João Pessoa, PB",há 17 dias,https://br.indeed.com/rc/clk?jk=153c30db70c8cafd&fccid=7ebf81831a412784&vjs=3
Arquiteto de Testes,Indra,"João Pessoa, PB",Há mais de 30 dias,https://br.indeed.com/rc/clk?jk=c788326535b06740&fccid=7ebf81831a412784&vjs=3
ENGENHEIRO(A) ESPECIALISTA DE MANUTENÇÃO | PREDITIVA,Braskem,"Camaçari, BA",há 13 dias,https://br.indeed.com/rc/clk?jk=ece14ccc203f0242&fccid=126e6829e033d790&vjs=3
Data Analytics | PLD | Data,Dock - Banking as a Service,"Barueri, SP",há 9 dias,https://br.indeed.com/rc/clk?jk=0d3b25d3d1e46a2d&fccid=ab977253e7ff24c0&vjs=3
Desenvolvedor Python - DV,Divulga Vagas,"São Paulo, SP",há 1 dia,https://br.indeed.com/rc/clk?jk=a82c338148a14ee8&fccid=1abbffd7f44ec1e9&vjs=3
GDP-1192 - Estágio em Ciência de Dados,Instituto Atlântico,"Fortaleza, CE",há 13 dias,https://br.indeed.com/rc/clk?jk=5a567e47dc21555b&fccid=e943863d58edb276&vjs=3
Estágio de Desenvolvimento,Soluções Inteligentes Multissetoriais,"Florianópolis, SC",Há mais de 30 dias,https://br.indeed.com/rc/clk?jk=4bcbecd28cf19fcf&fccid=d55e7a8ac7aebb79&vjs=3
Pipeline - Operations Manager - DiDi Food,99,Brasil,Há mais de 30 dias,https://br.indeed.com/rc/clk?jk=935859c6756870b8&fccid=7c874ded2b2c6886&vjs=3
Programador(a) Python Flask Pleno,DS,Remoto,há 24 dias,https://br.indeed.com/rc/clk?jk=7c60cedc9e8b5ce2&fccid=bdfdfda3f1129075&vjs=3
Estágio em Desenvolvimento de Software em Processamento de Fala,SiDi,"Campinas, SP",Há mais de 30 dias,https://br.indeed.com/rc/clk?jk=e8990980be28bc34&fccid=d944f1c7c41daa58&vjs=3
DevOps,PicPay & PageOutsourcing,Brasil,Há mais de 30 dias,https://br.indeed.com/rc/clk?jk=dc3919242a186cbe&fccid=146ef66f88e26f55&vjs=3
"Analyst, IT Operations",Concentrix,"Barra Funda, SP",há 6 dias,https://br.indeed.com/rc/clk?jk=517fc7e991d8587f&fccid=773041d0d31c442a&vjs=3
Líder Técnico,Solutis,"Salvador, BA",há 4 dias,https://br.indeed.com/rc/clk?jk=1eef61baa389c5e4&fccid=1a51f07e83fcbb5d&vjs=3
ANALISTA PLANEJAMENTO SR,CVC Corp,"Santo André, SP",há 6 dias,https://br.indeed.com/rc/clk?jk=885b01554c014c43&fccid=f2e52f9643adff59&vjs=3
Desenvolvimento Python - Senior | Presencial ou Home Office,Ambev Tech,"Blumenau, SC",Há mais de 30 dias,https://br.indeed.com/rc/clk?jk=aaf2db36e6511e33&fccid=659e51f3cf9c394c&vjs=3
"Tableau Developer, Brazil",Data Meaning,"São Paulo, SP",há 11 dias,https://br.indeed.com/rc/clk?jk=41ba2693acd64808&fccid=791a6eaa91bc3494&vjs=3
Consultor em Tecnologias para Marketing Jr,Match,"São Paulo, SP",há 23 dias,https://br.indeed.com/rc/clk?jk=7e46b69d758583d1&fccid=982a3d755dfb00d5&vjs=3
Desenvolvedor Backend Júnior,Bemobi,"Rio de Janeiro, RJ",há 13 dias,https://br.indeed.com/rc/clk?jk=3b7ab6f47c5a195a&fccid=a87550975560bb8d&vjs=3
engenheiro(a) de dados júnior,enjoei,"São Paulo, SP",há 4 dias,https://br.indeed.com/rc/clk?jk=064c4bff01ba51ab&fccid=f308c360f3026acd&vjs=3
ANALISTA DATA SCIENCE,Lojas Quero-Quero | Centro administrativo,"Cachoeirinha, RS",há 23 dias,https://br.indeed.com/rc/clk?jk=1f86a9096d3f31b2&fccid=59e8ee30cfeef0b9&vjs=3
QA - Automação,Mutant,"São Paulo, SP",há 3 dias,https://br.indeed.com/rc/clk?jk=794c574180022273&fccid=22c551d6141563cd&vjs=3
DevOps,Atman Systems,"Vitória, ES",Há mais de 30 dias,https://br.indeed.com/rc/clk?jk=20b3e55b440ffadb&fccid=d6703284d4d7c15b&vjs=3
Analista de Testes (QA),Avantia,"Recife, PE",Há mais de 30 dias,https://br.indeed.com/rc/clk?jk=d7fb737396a8338c&fccid=1881034704b1ec55&vjs=3
Dev Mobile Junior,Avantia,"Recife, PE",há 24 dias,https://br.indeed.com/rc/clk?jk=c3920d9a9cee9615&fccid=1881034704b1ec55&vjs=3
Desenvolvedor(a) Back-end Python (remoto),GeekHunter,Brasil,Há mais de 30 dias,https://br.indeed.com/rc/clk?jk=9b9de444d20c3e14&fccid=9ba8dec3013c0c90&vjs=3
Mission Critical Customer Engineer,Microsoft,Brasil,há 17 dias,https://br.indeed.com/rc/clk?jk=379f1db3227aa0dc&fccid=734cb5a01ee60f80&vjs=3
Software Developer ll,"RigNet, Inc","Rio de Janeiro, RJ",há 17 dias,"https://br.indeed.com/company/RigNet,-Inc/jobs/Software-Developer-Ll-4675ae831de4afb7?fccid=947fa1ad7c5cae4c&vjs=3"
Estágio em Engenharia de Dados,Funcional Health Tech,"Barueri, SP",há 10 dias,https://br.indeed.com/rc/clk?jk=a0cbffac3877b2a4&fccid=9489fc5db63c2c31&vjs=3
"VAGA DE ESTÁGIO CAMPINAS-ENGENHARIA ELETRÔNICA , AUTOMAÇÃO E ROBÓTICA, MECATRÔNICAa - Super Estágios",BURH,"Campinas, SP",Há mais de 30 dias,https://br.indeed.com/rc/clk?jk=6c67e11103c0fc07&fccid=dd616958bd9ddc12&vjs=3
Vaga Remota Desenvolvedor(a) Flutter,Porto Digital,"Recife, PE",há 1 dia,https://br.indeed.com/rc/clk?jk=7d68a6c98bd80289&fccid=093ef6b3d1ea3836&vjs=3
Desenvolvedor(a) Python (Datascientist),Grupo LPJ,"Belo Horizonte, MG",há 27 dias,https://br.indeed.com/rc/clk?jk=adb9d9a48bbc0748&fccid=99e6f33a32f966a3&vjs=3
Desenvolvedor(a) Python pleno,GeekHunter,Brasil,há 6 dias,https://br.indeed.com/rc/clk?jk=c38763e4382c0de8&fccid=9ba8dec3013c0c90&vjs=3
DevOps,Configr,"Brasília, DF",Há mais de 30 dias,https://br.indeed.com/rc/clk?jk=6b157a8ef1b0be3d&fccid=34a836963c512eb5&vjs=3
Analista de Dados Júnior | Operações,PicPay,"Vitória, ES",há 26 dias,https://br.indeed.com/rc/clk?jk=08f6077909006e36&fccid=c031daea3b1126ba&vjs=3
Desenvolvedor(a) Back-end Python sênior,GeekHunter,"Florianópolis, SC",Há mais de 30 dias,https://br.indeed.com/rc/clk?jk=80c1e3e1dd2a352d&fccid=9ba8dec3013c0c90&vjs=3
Data & Analytics,Iniciativa Assessoria em Recursos Humanos,Brasil,há 23 dias,https://br.indeed.com/rc/clk?jk=fe3971b93f1a8d1d&fccid=dc947c1a530a5619&vjs=3
Data 'n Hacks Specialist,Loft,"São Paulo, SP",há 2 dias,https://br.indeed.com/rc/clk?jk=ee78bb4097b1115a&fccid=4b1d61db47b337be&vjs=3
Analista de Sistemas Jr - Remoto,Solucionar Sistemas Integrados,Remoto,há 16 dias,https://br.indeed.com/rc/clk?jk=decb0921559fe002&fccid=2cadd0e439ec2769&vjs=3
@ Engenheiro de Dados Python + GCP,Keyrus Brazil,"São Paulo, SP",há 11 dias,https://br.indeed.com/rc/clk?jk=223294290d8f2ff1&fccid=59d45a7a1694e6f1&vjs=3
ANALISTA REGULAÇÃO III,Energisa - Recrutamento Externo,"Rio de Janeiro, RJ",há 12 dias,https://br.indeed.com/rc/clk?jk=ae038a28ec2c6f4c&fccid=3b88f8e20a38413a&vjs=3
Arquiteto Data,GFT Technologies,"São Paulo, SP",há 4 dias,https://br.indeed.com/rc/clk?jk=4ff7115f367fc8cc&fccid=8ab7cdd8a4b10bfc&vjs=3
Estagiário - Desenvolvimento Java,Job Boards,"Salvador, BA",Há mais de 30 dias,https://br.indeed.com/rc/clk?jk=e6fefce6fa37d7a3&fccid=56879fb77e76baab&vjs=3
